Augmentation,C*,C
CaCl2,0.73466667,3.67333333
CaCl2,1.34533333,6.72666667
CaCl2,0.28733333,2.87333333
CaCl2,0.49766667,4.97666667
CaCl2,0.17666667,2.65
CaCl2,0.30422222,4.56333333
CaCO3,4.62,0.924
CaCO3,9.523333333,1.904666667
CaCO3,4.223333333,0.422333333
CaCO3,9.276666667,0.927666667
CaCO3,4.193333333,0.279555556
CaCO3,8.796666667,0.586444444